year,state_ut,category,metric,value,unit,source_report,source_page,notes
1991,Andhra Pradesh,ST,Total Population 1991,66508008.0,count,AR2004-05,34,"From Annexure-IV, Demographic Statistics: 2001 Census. States like Chhattisgarh, Jharkhand and Uttarakhand were newly created in 2000, so 1991 figures are blank in the original table for those states."
2001,Andhra Pradesh,ST,Total Population 2001,76210007.0,count,AR2004-05,34,"From Annexure-IV, Demographic Statistics: 2001 Census. States like Chhattisgarh, Jharkhand and Uttarakhand were newly created in 2000, so 1991 figures are blank in the original table for those states."
2001,Andhra Pradesh,ST,Decadal Growth Total Population (%),14.59,percent,AR2004-05,34,"From Annexure-IV, Demographic Statistics: 2001 Census. States like Chhattisgarh, Jharkhand and Uttarakhand were newly created in 2000, so 1991 figures are blank in the original table for those states."
1991,Andhra Pradesh,ST,ST Population 1991,4199481.0,count,AR2004-05,34,"From Annexure-IV, Demographic Statistics: 2001 Census. States like Chhattisgarh, Jharkhand and Uttarakhand were newly created in 2000, so 1991 figures are blank in the original table for those states."
2001,Andhra Pradesh,ST,ST Population 2001,5024104.0,count,AR2004-05,34,"From Annexure-IV, Demographic Statistics: 2001 Census. States like Chhattisgarh, Jharkhand and Uttarakhand were newly created in 2000, so 1991 figures are blank in the original table for those states."
2001,Andhra Pradesh,ST,Decadal Growth ST Population (%),19.64,percent,AR2004-05,34,"From Annexure-IV, Demographic Statistics: 2001 Census. States like Chhattisgarh, Jharkhand and Uttarakhand were newly created in 2000, so 1991 figures are blank in the original table for those states."
2001,Andhra Pradesh,ST,ST Population as % of State Population (2001),6.6,percent,AR2004-05,34,"From Annexure-IV, Demographic Statistics: 2001 Census. States like Chhattisgarh, Jharkhand and Uttarakhand were newly created in 2000, so 1991 figures are blank in the original table for those states."
2001,Andhra Pradesh,ST,State's Share of India's Total ST Population (%),5.96,percent,AR2004-05,34,"From Annexure-IV, Demographic Statistics: 2001 Census. States like Chhattisgarh, Jharkhand and Uttarakhand were newly created in 2000, so 1991 figures are blank in the original table for those states."
1991,Arunachal Pradesh,ST,Total Population 1991,864558.0,count,AR2004-05,34,"From Annexure-IV, Demographic Statistics: 2001 Census. States like Chhattisgarh, Jharkhand and Uttarakhand were newly created in 2000, so 1991 figures are blank in the original table for those states."
2001,Arunachal Pradesh,ST,Total Population 2001,1097968.0,count,AR2004-05,34,"From Annexure-IV, Demographic Statistics: 2001 Census. States like Chhattisgarh, Jharkhand and Uttarakhand were newly created in 2000, so 1991 figures are blank in the original table for those states."
2001,Arunachal Pradesh,ST,Decadal Growth Total Population (%),27.0,percent,AR2004-05,34,"From Annexure-IV, Demographic Statistics: 2001 Census. States like Chhattisgarh, Jharkhand and Uttarakhand were newly created in 2000, so 1991 figures are blank in the original table for those states."
1991,Arunachal Pradesh,ST,ST Population 1991,550351.0,count,AR2004-05,34,"From Annexure-IV, Demographic Statistics: 2001 Census. States like Chhattisgarh, Jharkhand and Uttarakhand were newly created in 2000, so 1991 figures are blank in the original table for those states."
2001,Arunachal Pradesh,ST,ST Population 2001,705158.0,count,AR2004-05,34,"From Annexure-IV, Demographic Statistics: 2001 Census. States like Chhattisgarh, Jharkhand and Uttarakhand were newly created in 2000, so 1991 figures are blank in the original table for those states."
2001,Arunachal Pradesh,ST,Decadal Growth ST Population (%),28.13,percent,AR2004-05,34,"From Annexure-IV, Demographic Statistics: 2001 Census. States like Chhattisgarh, Jharkhand and Uttarakhand were newly created in 2000, so 1991 figures are blank in the original table for those states."
2001,Arunachal Pradesh,ST,ST Population as % of State Population (2001),64.2,percent,AR2004-05,34,"From Annexure-IV, Demographic Statistics: 2001 Census. States like Chhattisgarh, Jharkhand and Uttarakhand were newly created in 2000, so 1991 figures are blank in the original table for those states."
2001,Arunachal Pradesh,ST,State's Share of India's Total ST Population (%),0.84,percent,AR2004-05,34,"From Annexure-IV, Demographic Statistics: 2001 Census. States like Chhattisgarh, Jharkhand and Uttarakhand were newly created in 2000, so 1991 figures are blank in the original table for those states."
1991,Assam,ST,Total Population 1991,22414322.0,count,AR2004-05,34,"From Annexure-IV, Demographic Statistics: 2001 Census. States like Chhattisgarh, Jharkhand and Uttarakhand were newly created in 2000, so 1991 figures are blank in the original table for those states."
2001,Assam,ST,Total Population 2001,26655528.0,count,AR2004-05,34,"From Annexure-IV, Demographic Statistics: 2001 Census. States like Chhattisgarh, Jharkhand and Uttarakhand were newly created in 2000, so 1991 figures are blank in the original table for those states."
2001,Assam,ST,Decadal Growth Total Population (%),18.92,percent,AR2004-05,34,"From Annexure-IV, Demographic Statistics: 2001 Census. States like Chhattisgarh, Jharkhand and Uttarakhand were newly created in 2000, so 1991 figures are blank in the original table for those states."
1991,Assam,ST,ST Population 1991,2874441.0,count,AR2004-05,34,"From Annexure-IV, Demographic Statistics: 2001 Census. States like Chhattisgarh, Jharkhand and Uttarakhand were newly created in 2000, so 1991 figures are blank in the original table for those states."
2001,Assam,ST,ST Population 2001,3308570.0,count,AR2004-05,34,"From Annexure-IV, Demographic Statistics: 2001 Census. States like Chhattisgarh, Jharkhand and Uttarakhand were newly created in 2000, so 1991 figures are blank in the original table for those states."
2001,Assam,ST,Decadal Growth ST Population (%),15.1,percent,AR2004-05,34,"From Annexure-IV, Demographic Statistics: 2001 Census. States like Chhattisgarh, Jharkhand and Uttarakhand were newly created in 2000, so 1991 figures are blank in the original table for those states."
2001,Assam,ST,ST Population as % of State Population (2001),12.4,percent,AR2004-05,34,"From Annexure-IV, Demographic Statistics: 2001 Census. States like Chhattisgarh, Jharkhand and Uttarakhand were newly created in 2000, so 1991 figures are blank in the original table for those states."
2001,Assam,ST,State's Share of India's Total ST Population (%),3.92,percent,AR2004-05,34,"From Annexure-IV, Demographic Statistics: 2001 Census. States like Chhattisgarh, Jharkhand and Uttarakhand were newly created in 2000, so 1991 figures are blank in the original table for those states."
1991,Bihar,ST,Total Population 1991,86374465.0,count,AR2004-05,34,"From Annexure-IV, Demographic Statistics: 2001 Census. States like Chhattisgarh, Jharkhand and Uttarakhand were newly created in 2000, so 1991 figures are blank in the original table for those states."
2001,Bihar,ST,Total Population 2001,82998509.0,count,AR2004-05,34,"From Annexure-IV, Demographic Statistics: 2001 Census. States like Chhattisgarh, Jharkhand and Uttarakhand were newly created in 2000, so 1991 figures are blank in the original table for those states."
2001,Bihar,ST,Decadal Growth Total Population (%),6616914.0,percent,AR2004-05,34,"From Annexure-IV, Demographic Statistics: 2001 Census. States like Chhattisgarh, Jharkhand and Uttarakhand were newly created in 2000, so 1991 figures are blank in the original table for those states."
1991,Bihar,ST,ST Population 1991,758351.0,count,AR2004-05,34,"From Annexure-IV, Demographic Statistics: 2001 Census. States like Chhattisgarh, Jharkhand and Uttarakhand were newly created in 2000, so 1991 figures are blank in the original table for those states."
2001,Bihar,ST,ST Population 2001,0.9,count,AR2004-05,34,"From Annexure-IV, Demographic Statistics: 2001 Census. States like Chhattisgarh, Jharkhand and Uttarakhand were newly created in 2000, so 1991 figures are blank in the original table for those states."
2001,Bihar,ST,Decadal Growth ST Population (%),0.9,percent,AR2004-05,34,"From Annexure-IV, Demographic Statistics: 2001 Census. States like Chhattisgarh, Jharkhand and Uttarakhand were newly created in 2000, so 1991 figures are blank in the original table for those states."
1991,Chhattisgarh,ST,Total Population 1991,20833803.0,count,AR2004-05,34,"From Annexure-IV, Demographic Statistics: 2001 Census. States like Chhattisgarh, Jharkhand and Uttarakhand were newly created in 2000, so 1991 figures are blank in the original table for those states."
2001,Chhattisgarh,ST,Total Population 2001,6616596.0,count,AR2004-05,34,"From Annexure-IV, Demographic Statistics: 2001 Census. States like Chhattisgarh, Jharkhand and Uttarakhand were newly created in 2000, so 1991 figures are blank in the original table for those states."
2001,Chhattisgarh,ST,Decadal Growth Total Population (%),31.8,percent,AR2004-05,34,"From Annexure-IV, Demographic Statistics: 2001 Census. States like Chhattisgarh, Jharkhand and Uttarakhand were newly created in 2000, so 1991 figures are blank in the original table for those states."
1991,Chhattisgarh,ST,ST Population 1991,7.85,count,AR2004-05,34,"From Annexure-IV, Demographic Statistics: 2001 Census. States like Chhattisgarh, Jharkhand and Uttarakhand were newly created in 2000, so 1991 figures are blank in the original table for those states."
1991,Goa,ST,Total Population 1991,1169793.0,count,AR2004-05,34,"From Annexure-IV, Demographic Statistics: 2001 Census. States like Chhattisgarh, Jharkhand and Uttarakhand were newly created in 2000, so 1991 figures are blank in the original table for those states."
2001,Goa,ST,Total Population 2001,1347668.0,count,AR2004-05,34,"From Annexure-IV, Demographic Statistics: 2001 Census. States like Chhattisgarh, Jharkhand and Uttarakhand were newly created in 2000, so 1991 figures are blank in the original table for those states."
2001,Goa,ST,Decadal Growth Total Population (%),15.21,percent,AR2004-05,34,"From Annexure-IV, Demographic Statistics: 2001 Census. States like Chhattisgarh, Jharkhand and Uttarakhand were newly created in 2000, so 1991 figures are blank in the original table for those states."
1991,Goa,ST,ST Population 1991,376.0,count,AR2004-05,34,"From Annexure-IV, Demographic Statistics: 2001 Census. States like Chhattisgarh, Jharkhand and Uttarakhand were newly created in 2000, so 1991 figures are blank in the original table for those states."
2001,Goa,ST,ST Population 2001,566.0,count,AR2004-05,34,"From Annexure-IV, Demographic Statistics: 2001 Census. States like Chhattisgarh, Jharkhand and Uttarakhand were newly created in 2000, so 1991 figures are blank in the original table for those states."
2001,Goa,ST,Decadal Growth ST Population (%),50.53,percent,AR2004-05,34,"From Annexure-IV, Demographic Statistics: 2001 Census. States like Chhattisgarh, Jharkhand and Uttarakhand were newly created in 2000, so 1991 figures are blank in the original table for those states."
2001,Goa,ST,ST Population as % of State Population (2001),0.07,percent,AR2004-05,34,"From Annexure-IV, Demographic Statistics: 2001 Census. States like Chhattisgarh, Jharkhand and Uttarakhand were newly created in 2000, so 1991 figures are blank in the original table for those states."
1991,Gujarat,ST,Total Population 1991,41309582.0,count,AR2004-05,34,"From Annexure-IV, Demographic Statistics: 2001 Census. States like Chhattisgarh, Jharkhand and Uttarakhand were newly created in 2000, so 1991 figures are blank in the original table for those states."
2001,Gujarat,ST,Total Population 2001,50671017.0,count,AR2004-05,34,"From Annexure-IV, Demographic Statistics: 2001 Census. States like Chhattisgarh, Jharkhand and Uttarakhand were newly created in 2000, so 1991 figures are blank in the original table for those states."
2001,Gujarat,ST,Decadal Growth Total Population (%),22.66,percent,AR2004-05,34,"From Annexure-IV, Demographic Statistics: 2001 Census. States like Chhattisgarh, Jharkhand and Uttarakhand were newly created in 2000, so 1991 figures are blank in the original table for those states."
1991,Gujarat,ST,ST Population 1991,6161775.0,count,AR2004-05,34,"From Annexure-IV, Demographic Statistics: 2001 Census. States like Chhattisgarh, Jharkhand and Uttarakhand were newly created in 2000, so 1991 figures are blank in the original table for those states."
2001,Gujarat,ST,ST Population 2001,7481160.0,count,AR2004-05,34,"From Annexure-IV, Demographic Statistics: 2001 Census. States like Chhattisgarh, Jharkhand and Uttarakhand were newly created in 2000, so 1991 figures are blank in the original table for those states."
2001,Gujarat,ST,Decadal Growth ST Population (%),21.41,percent,AR2004-05,34,"From Annexure-IV, Demographic Statistics: 2001 Census. States like Chhattisgarh, Jharkhand and Uttarakhand were newly created in 2000, so 1991 figures are blank in the original table for those states."
2001,Gujarat,ST,ST Population as % of State Population (2001),14.8,percent,AR2004-05,34,"From Annexure-IV, Demographic Statistics: 2001 Census. States like Chhattisgarh, Jharkhand and Uttarakhand were newly created in 2000, so 1991 figures are blank in the original table for those states."
2001,Gujarat,ST,State's Share of India's Total ST Population (%),8.87,percent,AR2004-05,34,"From Annexure-IV, Demographic Statistics: 2001 Census. States like Chhattisgarh, Jharkhand and Uttarakhand were newly created in 2000, so 1991 figures are blank in the original table for those states."
1991,Haryana,ST,Total Population 1991,16463648.0,count,AR2004-05,34,"From Annexure-IV, Demographic Statistics: 2001 Census. States like Chhattisgarh, Jharkhand and Uttarakhand were newly created in 2000, so 1991 figures are blank in the original table for those states."
2001,Haryana,ST,Total Population 2001,21144564.0,count,AR2004-05,34,"From Annexure-IV, Demographic Statistics: 2001 Census. States like Chhattisgarh, Jharkhand and Uttarakhand were newly created in 2000, so 1991 figures are blank in the original table for those states."
2001,Haryana,ST,Decadal Growth Total Population (%),28.43,percent,AR2004-05,34,"From Annexure-IV, Demographic Statistics: 2001 Census. States like Chhattisgarh, Jharkhand and Uttarakhand were newly created in 2000, so 1991 figures are blank in the original table for those states."
1991,Himachal Pradesh,ST,Total Population 1991,5170877.0,count,AR2004-05,34,"From Annexure-IV, Demographic Statistics: 2001 Census. States like Chhattisgarh, Jharkhand and Uttarakhand were newly created in 2000, so 1991 figures are blank in the original table for those states."
2001,Himachal Pradesh,ST,Total Population 2001,6077900.0,count,AR2004-05,34,"From Annexure-IV, Demographic Statistics: 2001 Census. States like Chhattisgarh, Jharkhand and Uttarakhand were newly created in 2000, so 1991 figures are blank in the original table for those states."
2001,Himachal Pradesh,ST,Decadal Growth Total Population (%),17.54,percent,AR2004-05,34,"From Annexure-IV, Demographic Statistics: 2001 Census. States like Chhattisgarh, Jharkhand and Uttarakhand were newly created in 2000, so 1991 figures are blank in the original table for those states."
1991,Himachal Pradesh,ST,ST Population 1991,218349.0,count,AR2004-05,34,"From Annexure-IV, Demographic Statistics: 2001 Census. States like Chhattisgarh, Jharkhand and Uttarakhand were newly created in 2000, so 1991 figures are blank in the original table for those states."
2001,Himachal Pradesh,ST,ST Population 2001,244587.0,count,AR2004-05,34,"From Annexure-IV, Demographic Statistics: 2001 Census. States like Chhattisgarh, Jharkhand and Uttarakhand were newly created in 2000, so 1991 figures are blank in the original table for those states."
2001,Himachal Pradesh,ST,Decadal Growth ST Population (%),12.02,percent,AR2004-05,34,"From Annexure-IV, Demographic Statistics: 2001 Census. States like Chhattisgarh, Jharkhand and Uttarakhand were newly created in 2000, so 1991 figures are blank in the original table for those states."
2001,Himachal Pradesh,ST,ST Population as % of State Population (2001),4.0,percent,AR2004-05,34,"From Annexure-IV, Demographic Statistics: 2001 Census. States like Chhattisgarh, Jharkhand and Uttarakhand were newly created in 2000, so 1991 figures are blank in the original table for those states."
2001,Himachal Pradesh,ST,State's Share of India's Total ST Population (%),0.29,percent,AR2004-05,34,"From Annexure-IV, Demographic Statistics: 2001 Census. States like Chhattisgarh, Jharkhand and Uttarakhand were newly created in 2000, so 1991 figures are blank in the original table for those states."
1991,Jharkhand,ST,Total Population 1991,26945829.0,count,AR2004-05,34,"From Annexure-IV, Demographic Statistics: 2001 Census. States like Chhattisgarh, Jharkhand and Uttarakhand were newly created in 2000, so 1991 figures are blank in the original table for those states."
2001,Jharkhand,ST,Total Population 2001,7087068.0,count,AR2004-05,34,"From Annexure-IV, Demographic Statistics: 2001 Census. States like Chhattisgarh, Jharkhand and Uttarakhand were newly created in 2000, so 1991 figures are blank in the original table for those states."
2001,Jharkhand,ST,Decadal Growth Total Population (%),26.3,percent,AR2004-05,34,"From Annexure-IV, Demographic Statistics: 2001 Census. States like Chhattisgarh, Jharkhand and Uttarakhand were newly created in 2000, so 1991 figures are blank in the original table for those states."
1991,Jharkhand,ST,ST Population 1991,8.4,count,AR2004-05,34,"From Annexure-IV, Demographic Statistics: 2001 Census. States like Chhattisgarh, Jharkhand and Uttarakhand were newly created in 2000, so 1991 figures are blank in the original table for those states."
1991,Karnataka,ST,Total Population 1991,44977201.0,count,AR2004-05,34,"From Annexure-IV, Demographic Statistics: 2001 Census. States like Chhattisgarh, Jharkhand and Uttarakhand were newly created in 2000, so 1991 figures are blank in the original table for those states."
2001,Karnataka,ST,Total Population 2001,52850562.0,count,AR2004-05,34,"From Annexure-IV, Demographic Statistics: 2001 Census. States like Chhattisgarh, Jharkhand and Uttarakhand were newly created in 2000, so 1991 figures are blank in the original table for those states."
2001,Karnataka,ST,Decadal Growth Total Population (%),17.51,percent,AR2004-05,34,"From Annexure-IV, Demographic Statistics: 2001 Census. States like Chhattisgarh, Jharkhand and Uttarakhand were newly created in 2000, so 1991 figures are blank in the original table for those states."
1991,Karnataka,ST,ST Population 1991,1915691.0,count,AR2004-05,34,"From Annexure-IV, Demographic Statistics: 2001 Census. States like Chhattisgarh, Jharkhand and Uttarakhand were newly created in 2000, so 1991 figures are blank in the original table for those states."
2001,Karnataka,ST,ST Population 2001,3463986.0,count,AR2004-05,34,"From Annexure-IV, Demographic Statistics: 2001 Census. States like Chhattisgarh, Jharkhand and Uttarakhand were newly created in 2000, so 1991 figures are blank in the original table for those states."
2001,Karnataka,ST,Decadal Growth ST Population (%),80.82,percent,AR2004-05,34,"From Annexure-IV, Demographic Statistics: 2001 Census. States like Chhattisgarh, Jharkhand and Uttarakhand were newly created in 2000, so 1991 figures are blank in the original table for those states."
2001,Karnataka,ST,ST Population as % of State Population (2001),6.6,percent,AR2004-05,34,"From Annexure-IV, Demographic Statistics: 2001 Census. States like Chhattisgarh, Jharkhand and Uttarakhand were newly created in 2000, so 1991 figures are blank in the original table for those states."
2001,Karnataka,ST,State's Share of India's Total ST Population (%),4.11,percent,AR2004-05,34,"From Annexure-IV, Demographic Statistics: 2001 Census. States like Chhattisgarh, Jharkhand and Uttarakhand were newly created in 2000, so 1991 figures are blank in the original table for those states."
1991,Kerala,ST,Total Population 1991,29098518.0,count,AR2004-05,34,"From Annexure-IV, Demographic Statistics: 2001 Census. States like Chhattisgarh, Jharkhand and Uttarakhand were newly created in 2000, so 1991 figures are blank in the original table for those states."
2001,Kerala,ST,Total Population 2001,31841374.0,count,AR2004-05,34,"From Annexure-IV, Demographic Statistics: 2001 Census. States like Chhattisgarh, Jharkhand and Uttarakhand were newly created in 2000, so 1991 figures are blank in the original table for those states."
2001,Kerala,ST,Decadal Growth Total Population (%),9.43,percent,AR2004-05,34,"From Annexure-IV, Demographic Statistics: 2001 Census. States like Chhattisgarh, Jharkhand and Uttarakhand were newly created in 2000, so 1991 figures are blank in the original table for those states."
1991,Kerala,ST,ST Population 1991,320967.0,count,AR2004-05,34,"From Annexure-IV, Demographic Statistics: 2001 Census. States like Chhattisgarh, Jharkhand and Uttarakhand were newly created in 2000, so 1991 figures are blank in the original table for those states."
2001,Kerala,ST,ST Population 2001,364189.0,count,AR2004-05,34,"From Annexure-IV, Demographic Statistics: 2001 Census. States like Chhattisgarh, Jharkhand and Uttarakhand were newly created in 2000, so 1991 figures are blank in the original table for those states."
2001,Kerala,ST,Decadal Growth ST Population (%),13.47,percent,AR2004-05,34,"From Annexure-IV, Demographic Statistics: 2001 Census. States like Chhattisgarh, Jharkhand and Uttarakhand were newly created in 2000, so 1991 figures are blank in the original table for those states."
2001,Kerala,ST,ST Population as % of State Population (2001),1.1,percent,AR2004-05,34,"From Annexure-IV, Demographic Statistics: 2001 Census. States like Chhattisgarh, Jharkhand and Uttarakhand were newly created in 2000, so 1991 figures are blank in the original table for those states."
2001,Kerala,ST,State's Share of India's Total ST Population (%),0.43,percent,AR2004-05,34,"From Annexure-IV, Demographic Statistics: 2001 Census. States like Chhattisgarh, Jharkhand and Uttarakhand were newly created in 2000, so 1991 figures are blank in the original table for those states."
1991,Madhya Pradesh,ST,Total Population 1991,66181170.0,count,AR2004-05,34,"From Annexure-IV, Demographic Statistics: 2001 Census. States like Chhattisgarh, Jharkhand and Uttarakhand were newly created in 2000, so 1991 figures are blank in the original table for those states."
2001,Madhya Pradesh,ST,Total Population 2001,60348023.0,count,AR2004-05,34,"From Annexure-IV, Demographic Statistics: 2001 Census. States like Chhattisgarh, Jharkhand and Uttarakhand were newly created in 2000, so 1991 figures are blank in the original table for those states."
2001,Madhya Pradesh,ST,Decadal Growth Total Population (%),15399034.0,percent,AR2004-05,34,"From Annexure-IV, Demographic Statistics: 2001 Census. States like Chhattisgarh, Jharkhand and Uttarakhand were newly created in 2000, so 1991 figures are blank in the original table for those states."
1991,Madhya Pradesh,ST,ST Population 1991,12233474.0,count,AR2004-05,34,"From Annexure-IV, Demographic Statistics: 2001 Census. States like Chhattisgarh, Jharkhand and Uttarakhand were newly created in 2000, so 1991 figures are blank in the original table for those states."
2001,Madhya Pradesh,ST,ST Population 2001,20.3,count,AR2004-05,34,"From Annexure-IV, Demographic Statistics: 2001 Census. States like Chhattisgarh, Jharkhand and Uttarakhand were newly created in 2000, so 1991 figures are blank in the original table for those states."
2001,Madhya Pradesh,ST,Decadal Growth ST Population (%),14.51,percent,AR2004-05,34,"From Annexure-IV, Demographic Statistics: 2001 Census. States like Chhattisgarh, Jharkhand and Uttarakhand were newly created in 2000, so 1991 figures are blank in the original table for those states."
1991,Maharashtra,ST,Total Population 1991,78937187.0,count,AR2004-05,34,"From Annexure-IV, Demographic Statistics: 2001 Census. States like Chhattisgarh, Jharkhand and Uttarakhand were newly created in 2000, so 1991 figures are blank in the original table for those states."
2001,Maharashtra,ST,Total Population 2001,96878627.0,count,AR2004-05,34,"From Annexure-IV, Demographic Statistics: 2001 Census. States like Chhattisgarh, Jharkhand and Uttarakhand were newly created in 2000, so 1991 figures are blank in the original table for those states."
2001,Maharashtra,ST,Decadal Growth Total Population (%),22.73,percent,AR2004-05,34,"From Annexure-IV, Demographic Statistics: 2001 Census. States like Chhattisgarh, Jharkhand and Uttarakhand were newly created in 2000, so 1991 figures are blank in the original table for those states."
1991,Maharashtra,ST,ST Population 1991,7318281.0,count,AR2004-05,34,"From Annexure-IV, Demographic Statistics: 2001 Census. States like Chhattisgarh, Jharkhand and Uttarakhand were newly created in 2000, so 1991 figures are blank in the original table for those states."
2001,Maharashtra,ST,ST Population 2001,8577276.0,count,AR2004-05,34,"From Annexure-IV, Demographic Statistics: 2001 Census. States like Chhattisgarh, Jharkhand and Uttarakhand were newly created in 2000, so 1991 figures are blank in the original table for those states."
2001,Maharashtra,ST,Decadal Growth ST Population (%),17.2,percent,AR2004-05,34,"From Annexure-IV, Demographic Statistics: 2001 Census. States like Chhattisgarh, Jharkhand and Uttarakhand were newly created in 2000, so 1991 figures are blank in the original table for those states."
2001,Maharashtra,ST,ST Population as % of State Population (2001),8.9,percent,AR2004-05,34,"From Annexure-IV, Demographic Statistics: 2001 Census. States like Chhattisgarh, Jharkhand and Uttarakhand were newly created in 2000, so 1991 figures are blank in the original table for those states."
2001,Maharashtra,ST,State's Share of India's Total ST Population (%),10.17,percent,AR2004-05,34,"From Annexure-IV, Demographic Statistics: 2001 Census. States like Chhattisgarh, Jharkhand and Uttarakhand were newly created in 2000, so 1991 figures are blank in the original table for those states."
1991,Manipur,ST,Total Population 1991,1837149.0,count,AR2004-05,34,"From Annexure-IV, Demographic Statistics: 2001 Census. States like Chhattisgarh, Jharkhand and Uttarakhand were newly created in 2000, so 1991 figures are blank in the original table for those states."
2001,Manipur,ST,Total Population 2001,2166788.0,count,AR2004-05,34,"From Annexure-IV, Demographic Statistics: 2001 Census. States like Chhattisgarh, Jharkhand and Uttarakhand were newly created in 2000, so 1991 figures are blank in the original table for those states."
2001,Manipur,ST,Decadal Growth Total Population (%),17.94,percent,AR2004-05,34,"From Annexure-IV, Demographic Statistics: 2001 Census. States like Chhattisgarh, Jharkhand and Uttarakhand were newly created in 2000, so 1991 figures are blank in the original table for those states."
1991,Manipur,ST,ST Population 1991,632173.0,count,AR2004-05,34,"From Annexure-IV, Demographic Statistics: 2001 Census. States like Chhattisgarh, Jharkhand and Uttarakhand were newly created in 2000, so 1991 figures are blank in the original table for those states."
2001,Manipur,ST,ST Population 2001,741141.0,count,AR2004-05,34,"From Annexure-IV, Demographic Statistics: 2001 Census. States like Chhattisgarh, Jharkhand and Uttarakhand were newly created in 2000, so 1991 figures are blank in the original table for those states."
2001,Manipur,ST,Decadal Growth ST Population (%),17.24,percent,AR2004-05,34,"From Annexure-IV, Demographic Statistics: 2001 Census. States like Chhattisgarh, Jharkhand and Uttarakhand were newly created in 2000, so 1991 figures are blank in the original table for those states."
2001,Manipur,ST,ST Population as % of State Population (2001),34.2,percent,AR2004-05,34,"From Annexure-IV, Demographic Statistics: 2001 Census. States like Chhattisgarh, Jharkhand and Uttarakhand were newly created in 2000, so 1991 figures are blank in the original table for those states."
2001,Manipur,ST,State's Share of India's Total ST Population (%),0.88,percent,AR2004-05,34,"From Annexure-IV, Demographic Statistics: 2001 Census. States like Chhattisgarh, Jharkhand and Uttarakhand were newly created in 2000, so 1991 figures are blank in the original table for those states."
1991,Meghalaya,ST,Total Population 1991,1774778.0,count,AR2004-05,34,"From Annexure-IV, Demographic Statistics: 2001 Census. States like Chhattisgarh, Jharkhand and Uttarakhand were newly created in 2000, so 1991 figures are blank in the original table for those states."
2001,Meghalaya,ST,Total Population 2001,2318822.0,count,AR2004-05,34,"From Annexure-IV, Demographic Statistics: 2001 Census. States like Chhattisgarh, Jharkhand and Uttarakhand were newly created in 2000, so 1991 figures are blank in the original table for those states."
2001,Meghalaya,ST,Decadal Growth Total Population (%),30.65,percent,AR2004-05,34,"From Annexure-IV, Demographic Statistics: 2001 Census. States like Chhattisgarh, Jharkhand and Uttarakhand were newly created in 2000, so 1991 figures are blank in the original table for those states."
1991,Meghalaya,ST,ST Population 1991,1517927.0,count,AR2004-05,34,"From Annexure-IV, Demographic Statistics: 2001 Census. States like Chhattisgarh, Jharkhand and Uttarakhand were newly created in 2000, so 1991 figures are blank in the original table for those states."
2001,Meghalaya,ST,ST Population 2001,1992862.0,count,AR2004-05,34,"From Annexure-IV, Demographic Statistics: 2001 Census. States like Chhattisgarh, Jharkhand and Uttarakhand were newly created in 2000, so 1991 figures are blank in the original table for those states."
2001,Meghalaya,ST,Decadal Growth ST Population (%),31.29,percent,AR2004-05,34,"From Annexure-IV, Demographic Statistics: 2001 Census. States like Chhattisgarh, Jharkhand and Uttarakhand were newly created in 2000, so 1991 figures are blank in the original table for those states."
2001,Meghalaya,ST,ST Population as % of State Population (2001),85.9,percent,AR2004-05,34,"From Annexure-IV, Demographic Statistics: 2001 Census. States like Chhattisgarh, Jharkhand and Uttarakhand were newly created in 2000, so 1991 figures are blank in the original table for those states."
2001,Meghalaya,ST,State's Share of India's Total ST Population (%),2.36,percent,AR2004-05,34,"From Annexure-IV, Demographic Statistics: 2001 Census. States like Chhattisgarh, Jharkhand and Uttarakhand were newly created in 2000, so 1991 figures are blank in the original table for those states."
1991,Mizoram,ST,Total Population 1991,689756.0,count,AR2004-05,34,"From Annexure-IV, Demographic Statistics: 2001 Census. States like Chhattisgarh, Jharkhand and Uttarakhand were newly created in 2000, so 1991 figures are blank in the original table for those states."
2001,Mizoram,ST,Total Population 2001,888573.0,count,AR2004-05,34,"From Annexure-IV, Demographic Statistics: 2001 Census. States like Chhattisgarh, Jharkhand and Uttarakhand were newly created in 2000, so 1991 figures are blank in the original table for those states."
2001,Mizoram,ST,Decadal Growth Total Population (%),28.82,percent,AR2004-05,34,"From Annexure-IV, Demographic Statistics: 2001 Census. States like Chhattisgarh, Jharkhand and Uttarakhand were newly created in 2000, so 1991 figures are blank in the original table for those states."
1991,Mizoram,ST,ST Population 1991,653565.0,count,AR2004-05,34,"From Annexure-IV, Demographic Statistics: 2001 Census. States like Chhattisgarh, Jharkhand and Uttarakhand were newly created in 2000, so 1991 figures are blank in the original table for those states."
2001,Mizoram,ST,ST Population 2001,839310.0,count,AR2004-05,34,"From Annexure-IV, Demographic Statistics: 2001 Census. States like Chhattisgarh, Jharkhand and Uttarakhand were newly created in 2000, so 1991 figures are blank in the original table for those states."
2001,Mizoram,ST,Decadal Growth ST Population (%),28.42,percent,AR2004-05,34,"From Annexure-IV, Demographic Statistics: 2001 Census. States like Chhattisgarh, Jharkhand and Uttarakhand were newly created in 2000, so 1991 figures are blank in the original table for those states."
2001,Mizoram,ST,ST Population as % of State Population (2001),94.5,percent,AR2004-05,34,"From Annexure-IV, Demographic Statistics: 2001 Census. States like Chhattisgarh, Jharkhand and Uttarakhand were newly created in 2000, so 1991 figures are blank in the original table for those states."
2001,Mizoram,ST,State's Share of India's Total ST Population (%),1.0,percent,AR2004-05,34,"From Annexure-IV, Demographic Statistics: 2001 Census. States like Chhattisgarh, Jharkhand and Uttarakhand were newly created in 2000, so 1991 figures are blank in the original table for those states."
1991,Nagaland,ST,Total Population 1991,1209546.0,count,AR2004-05,34,"From Annexure-IV, Demographic Statistics: 2001 Census. States like Chhattisgarh, Jharkhand and Uttarakhand were newly created in 2000, so 1991 figures are blank in the original table for those states."
2001,Nagaland,ST,Total Population 2001,1990036.0,count,AR2004-05,34,"From Annexure-IV, Demographic Statistics: 2001 Census. States like Chhattisgarh, Jharkhand and Uttarakhand were newly created in 2000, so 1991 figures are blank in the original table for those states."
2001,Nagaland,ST,Decadal Growth Total Population (%),64.53,percent,AR2004-05,34,"From Annexure-IV, Demographic Statistics: 2001 Census. States like Chhattisgarh, Jharkhand and Uttarakhand were newly created in 2000, so 1991 figures are blank in the original table for those states."
1991,Nagaland,ST,ST Population 1991,1060822.0,count,AR2004-05,34,"From Annexure-IV, Demographic Statistics: 2001 Census. States like Chhattisgarh, Jharkhand and Uttarakhand were newly created in 2000, so 1991 figures are blank in the original table for those states."
2001,Nagaland,ST,ST Population 2001,1774026.0,count,AR2004-05,34,"From Annexure-IV, Demographic Statistics: 2001 Census. States like Chhattisgarh, Jharkhand and Uttarakhand were newly created in 2000, so 1991 figures are blank in the original table for those states."
2001,Nagaland,ST,Decadal Growth ST Population (%),67.23,percent,AR2004-05,34,"From Annexure-IV, Demographic Statistics: 2001 Census. States like Chhattisgarh, Jharkhand and Uttarakhand were newly created in 2000, so 1991 figures are blank in the original table for those states."
2001,Nagaland,ST,ST Population as % of State Population (2001),89.1,percent,AR2004-05,34,"From Annexure-IV, Demographic Statistics: 2001 Census. States like Chhattisgarh, Jharkhand and Uttarakhand were newly created in 2000, so 1991 figures are blank in the original table for those states."
2001,Nagaland,ST,State's Share of India's Total ST Population (%),2.1,percent,AR2004-05,34,"From Annexure-IV, Demographic Statistics: 2001 Census. States like Chhattisgarh, Jharkhand and Uttarakhand were newly created in 2000, so 1991 figures are blank in the original table for those states."
1991,Odisha,ST,Total Population 1991,31659736.0,count,AR2004-05,34,"From Annexure-IV, Demographic Statistics: 2001 Census. States like Chhattisgarh, Jharkhand and Uttarakhand were newly created in 2000, so 1991 figures are blank in the original table for those states."
2001,Odisha,ST,Total Population 2001,36804660.0,count,AR2004-05,34,"From Annexure-IV, Demographic Statistics: 2001 Census. States like Chhattisgarh, Jharkhand and Uttarakhand were newly created in 2000, so 1991 figures are blank in the original table for those states."
2001,Odisha,ST,Decadal Growth Total Population (%),16.25,percent,AR2004-05,34,"From Annexure-IV, Demographic Statistics: 2001 Census. States like Chhattisgarh, Jharkhand and Uttarakhand were newly created in 2000, so 1991 figures are blank in the original table for those states."
1991,Odisha,ST,ST Population 1991,7032214.0,count,AR2004-05,34,"From Annexure-IV, Demographic Statistics: 2001 Census. States like Chhattisgarh, Jharkhand and Uttarakhand were newly created in 2000, so 1991 figures are blank in the original table for those states."
2001,Odisha,ST,ST Population 2001,8145081.0,count,AR2004-05,34,"From Annexure-IV, Demographic Statistics: 2001 Census. States like Chhattisgarh, Jharkhand and Uttarakhand were newly created in 2000, so 1991 figures are blank in the original table for those states."
2001,Odisha,ST,Decadal Growth ST Population (%),15.83,percent,AR2004-05,34,"From Annexure-IV, Demographic Statistics: 2001 Census. States like Chhattisgarh, Jharkhand and Uttarakhand were newly created in 2000, so 1991 figures are blank in the original table for those states."
2001,Odisha,ST,ST Population as % of State Population (2001),22.1,percent,AR2004-05,34,"From Annexure-IV, Demographic Statistics: 2001 Census. States like Chhattisgarh, Jharkhand and Uttarakhand were newly created in 2000, so 1991 figures are blank in the original table for those states."
2001,Odisha,ST,State's Share of India's Total ST Population (%),9.66,percent,AR2004-05,34,"From Annexure-IV, Demographic Statistics: 2001 Census. States like Chhattisgarh, Jharkhand and Uttarakhand were newly created in 2000, so 1991 figures are blank in the original table for those states."
1991,Punjab,ST,Total Population 1991,20281969.0,count,AR2004-05,34,"From Annexure-IV, Demographic Statistics: 2001 Census. States like Chhattisgarh, Jharkhand and Uttarakhand were newly created in 2000, so 1991 figures are blank in the original table for those states."
2001,Punjab,ST,Total Population 2001,24358999.0,count,AR2004-05,34,"From Annexure-IV, Demographic Statistics: 2001 Census. States like Chhattisgarh, Jharkhand and Uttarakhand were newly created in 2000, so 1991 figures are blank in the original table for those states."
2001,Punjab,ST,Decadal Growth Total Population (%),20.1,percent,AR2004-05,34,"From Annexure-IV, Demographic Statistics: 2001 Census. States like Chhattisgarh, Jharkhand and Uttarakhand were newly created in 2000, so 1991 figures are blank in the original table for those states."
1991,Punjab,ST,ST Population 1991,0.0,count,AR2004-05,34,"From Annexure-IV, Demographic Statistics: 2001 Census. States like Chhattisgarh, Jharkhand and Uttarakhand were newly created in 2000, so 1991 figures are blank in the original table for those states."
1991,Rajasthan,ST,Total Population 1991,44005990.0,count,AR2004-05,34,"From Annexure-IV, Demographic Statistics: 2001 Census. States like Chhattisgarh, Jharkhand and Uttarakhand were newly created in 2000, so 1991 figures are blank in the original table for those states."
2001,Rajasthan,ST,Total Population 2001,56507188.0,count,AR2004-05,34,"From Annexure-IV, Demographic Statistics: 2001 Census. States like Chhattisgarh, Jharkhand and Uttarakhand were newly created in 2000, so 1991 figures are blank in the original table for those states."
2001,Rajasthan,ST,Decadal Growth Total Population (%),28.41,percent,AR2004-05,34,"From Annexure-IV, Demographic Statistics: 2001 Census. States like Chhattisgarh, Jharkhand and Uttarakhand were newly created in 2000, so 1991 figures are blank in the original table for those states."
1991,Rajasthan,ST,ST Population 1991,5474881.0,count,AR2004-05,34,"From Annexure-IV, Demographic Statistics: 2001 Census. States like Chhattisgarh, Jharkhand and Uttarakhand were newly created in 2000, so 1991 figures are blank in the original table for those states."
2001,Rajasthan,ST,ST Population 2001,7097706.0,count,AR2004-05,34,"From Annexure-IV, Demographic Statistics: 2001 Census. States like Chhattisgarh, Jharkhand and Uttarakhand were newly created in 2000, so 1991 figures are blank in the original table for those states."
2001,Rajasthan,ST,Decadal Growth ST Population (%),29.64,percent,AR2004-05,34,"From Annexure-IV, Demographic Statistics: 2001 Census. States like Chhattisgarh, Jharkhand and Uttarakhand were newly created in 2000, so 1991 figures are blank in the original table for those states."
2001,Rajasthan,ST,ST Population as % of State Population (2001),12.6,percent,AR2004-05,34,"From Annexure-IV, Demographic Statistics: 2001 Census. States like Chhattisgarh, Jharkhand and Uttarakhand were newly created in 2000, so 1991 figures are blank in the original table for those states."
2001,Rajasthan,ST,State's Share of India's Total ST Population (%),8.42,percent,AR2004-05,34,"From Annexure-IV, Demographic Statistics: 2001 Census. States like Chhattisgarh, Jharkhand and Uttarakhand were newly created in 2000, so 1991 figures are blank in the original table for those states."
1991,Sikkim,ST,Total Population 1991,406457.0,count,AR2004-05,34,"From Annexure-IV, Demographic Statistics: 2001 Census. States like Chhattisgarh, Jharkhand and Uttarakhand were newly created in 2000, so 1991 figures are blank in the original table for those states."
2001,Sikkim,ST,Total Population 2001,540851.0,count,AR2004-05,34,"From Annexure-IV, Demographic Statistics: 2001 Census. States like Chhattisgarh, Jharkhand and Uttarakhand were newly created in 2000, so 1991 figures are blank in the original table for those states."
2001,Sikkim,ST,Decadal Growth Total Population (%),33.06,percent,AR2004-05,34,"From Annexure-IV, Demographic Statistics: 2001 Census. States like Chhattisgarh, Jharkhand and Uttarakhand were newly created in 2000, so 1991 figures are blank in the original table for those states."
1991,Sikkim,ST,ST Population 1991,90901.0,count,AR2004-05,34,"From Annexure-IV, Demographic Statistics: 2001 Census. States like Chhattisgarh, Jharkhand and Uttarakhand were newly created in 2000, so 1991 figures are blank in the original table for those states."
2001,Sikkim,ST,ST Population 2001,111405.0,count,AR2004-05,34,"From Annexure-IV, Demographic Statistics: 2001 Census. States like Chhattisgarh, Jharkhand and Uttarakhand were newly created in 2000, so 1991 figures are blank in the original table for those states."
2001,Sikkim,ST,Decadal Growth ST Population (%),22.56,percent,AR2004-05,34,"From Annexure-IV, Demographic Statistics: 2001 Census. States like Chhattisgarh, Jharkhand and Uttarakhand were newly created in 2000, so 1991 figures are blank in the original table for those states."
2001,Sikkim,ST,ST Population as % of State Population (2001),20.6,percent,AR2004-05,34,"From Annexure-IV, Demographic Statistics: 2001 Census. States like Chhattisgarh, Jharkhand and Uttarakhand were newly created in 2000, so 1991 figures are blank in the original table for those states."
2001,Sikkim,ST,State's Share of India's Total ST Population (%),0.13,percent,AR2004-05,34,"From Annexure-IV, Demographic Statistics: 2001 Census. States like Chhattisgarh, Jharkhand and Uttarakhand were newly created in 2000, so 1991 figures are blank in the original table for those states."
1991,Tamil Nadu,ST,Total Population 1991,55858946.0,count,AR2004-05,34,"From Annexure-IV, Demographic Statistics: 2001 Census. States like Chhattisgarh, Jharkhand and Uttarakhand were newly created in 2000, so 1991 figures are blank in the original table for those states."
2001,Tamil Nadu,ST,Total Population 2001,62405679.0,count,AR2004-05,34,"From Annexure-IV, Demographic Statistics: 2001 Census. States like Chhattisgarh, Jharkhand and Uttarakhand were newly created in 2000, so 1991 figures are blank in the original table for those states."
2001,Tamil Nadu,ST,Decadal Growth Total Population (%),11.72,percent,AR2004-05,34,"From Annexure-IV, Demographic Statistics: 2001 Census. States like Chhattisgarh, Jharkhand and Uttarakhand were newly created in 2000, so 1991 figures are blank in the original table for those states."
1991,Tamil Nadu,ST,ST Population 1991,574194.0,count,AR2004-05,34,"From Annexure-IV, Demographic Statistics: 2001 Census. States like Chhattisgarh, Jharkhand and Uttarakhand were newly created in 2000, so 1991 figures are blank in the original table for those states."
2001,Tamil Nadu,ST,ST Population 2001,651321.0,count,AR2004-05,34,"From Annexure-IV, Demographic Statistics: 2001 Census. States like Chhattisgarh, Jharkhand and Uttarakhand were newly created in 2000, so 1991 figures are blank in the original table for those states."
2001,Tamil Nadu,ST,Decadal Growth ST Population (%),13.43,percent,AR2004-05,34,"From Annexure-IV, Demographic Statistics: 2001 Census. States like Chhattisgarh, Jharkhand and Uttarakhand were newly created in 2000, so 1991 figures are blank in the original table for those states."
2001,Tamil Nadu,ST,ST Population as % of State Population (2001),1.0,percent,AR2004-05,34,"From Annexure-IV, Demographic Statistics: 2001 Census. States like Chhattisgarh, Jharkhand and Uttarakhand were newly created in 2000, so 1991 figures are blank in the original table for those states."
2001,Tamil Nadu,ST,State's Share of India's Total ST Population (%),0.77,percent,AR2004-05,34,"From Annexure-IV, Demographic Statistics: 2001 Census. States like Chhattisgarh, Jharkhand and Uttarakhand were newly created in 2000, so 1991 figures are blank in the original table for those states."
1991,Tripura,ST,Total Population 1991,2757205.0,count,AR2004-05,34,"From Annexure-IV, Demographic Statistics: 2001 Census. States like Chhattisgarh, Jharkhand and Uttarakhand were newly created in 2000, so 1991 figures are blank in the original table for those states."
2001,Tripura,ST,Total Population 2001,3199203.0,count,AR2004-05,34,"From Annexure-IV, Demographic Statistics: 2001 Census. States like Chhattisgarh, Jharkhand and Uttarakhand were newly created in 2000, so 1991 figures are blank in the original table for those states."
2001,Tripura,ST,Decadal Growth Total Population (%),16.03,percent,AR2004-05,34,"From Annexure-IV, Demographic Statistics: 2001 Census. States like Chhattisgarh, Jharkhand and Uttarakhand were newly created in 2000, so 1991 figures are blank in the original table for those states."
1991,Tripura,ST,ST Population 1991,853345.0,count,AR2004-05,34,"From Annexure-IV, Demographic Statistics: 2001 Census. States like Chhattisgarh, Jharkhand and Uttarakhand were newly created in 2000, so 1991 figures are blank in the original table for those states."
2001,Tripura,ST,ST Population 2001,993426.0,count,AR2004-05,34,"From Annexure-IV, Demographic Statistics: 2001 Census. States like Chhattisgarh, Jharkhand and Uttarakhand were newly created in 2000, so 1991 figures are blank in the original table for those states."
2001,Tripura,ST,Decadal Growth ST Population (%),16.42,percent,AR2004-05,34,"From Annexure-IV, Demographic Statistics: 2001 Census. States like Chhattisgarh, Jharkhand and Uttarakhand were newly created in 2000, so 1991 figures are blank in the original table for those states."
2001,Tripura,ST,ST Population as % of State Population (2001),31.1,percent,AR2004-05,34,"From Annexure-IV, Demographic Statistics: 2001 Census. States like Chhattisgarh, Jharkhand and Uttarakhand were newly created in 2000, so 1991 figures are blank in the original table for those states."
2001,Tripura,ST,State's Share of India's Total ST Population (%),1.18,percent,AR2004-05,34,"From Annexure-IV, Demographic Statistics: 2001 Census. States like Chhattisgarh, Jharkhand and Uttarakhand were newly created in 2000, so 1991 figures are blank in the original table for those states."
1991,Uttarakhand,ST,Total Population 1991,8489349.0,count,AR2004-05,34,"From Annexure-IV, Demographic Statistics: 2001 Census. States like Chhattisgarh, Jharkhand and Uttarakhand were newly created in 2000, so 1991 figures are blank in the original table for those states."
2001,Uttarakhand,ST,Total Population 2001,256129.0,count,AR2004-05,34,"From Annexure-IV, Demographic Statistics: 2001 Census. States like Chhattisgarh, Jharkhand and Uttarakhand were newly created in 2000, so 1991 figures are blank in the original table for those states."
2001,Uttarakhand,ST,Decadal Growth Total Population (%),3.0,percent,AR2004-05,34,"From Annexure-IV, Demographic Statistics: 2001 Census. States like Chhattisgarh, Jharkhand and Uttarakhand were newly created in 2000, so 1991 figures are blank in the original table for those states."
1991,Uttarakhand,ST,ST Population 1991,0.3,count,AR2004-05,34,"From Annexure-IV, Demographic Statistics: 2001 Census. States like Chhattisgarh, Jharkhand and Uttarakhand were newly created in 2000, so 1991 figures are blank in the original table for those states."
1991,Uttar Pradesh,ST,Total Population 1991,139112287.0,count,AR2004-05,34,"From Annexure-IV, Demographic Statistics: 2001 Census. States like Chhattisgarh, Jharkhand and Uttarakhand were newly created in 2000, so 1991 figures are blank in the original table for those states."
2001,Uttar Pradesh,ST,Total Population 2001,166197921.0,count,AR2004-05,34,"From Annexure-IV, Demographic Statistics: 2001 Census. States like Chhattisgarh, Jharkhand and Uttarakhand were newly created in 2000, so 1991 figures are blank in the original table for those states."
2001,Uttar Pradesh,ST,Decadal Growth Total Population (%),287901.0,percent,AR2004-05,34,"From Annexure-IV, Demographic Statistics: 2001 Census. States like Chhattisgarh, Jharkhand and Uttarakhand were newly created in 2000, so 1991 figures are blank in the original table for those states."
1991,Uttar Pradesh,ST,ST Population 1991,107963.0,count,AR2004-05,34,"From Annexure-IV, Demographic Statistics: 2001 Census. States like Chhattisgarh, Jharkhand and Uttarakhand were newly created in 2000, so 1991 figures are blank in the original table for those states."
2001,Uttar Pradesh,ST,ST Population 2001,0.1,count,AR2004-05,34,"From Annexure-IV, Demographic Statistics: 2001 Census. States like Chhattisgarh, Jharkhand and Uttarakhand were newly created in 2000, so 1991 figures are blank in the original table for those states."
2001,Uttar Pradesh,ST,Decadal Growth ST Population (%),0.13,percent,AR2004-05,34,"From Annexure-IV, Demographic Statistics: 2001 Census. States like Chhattisgarh, Jharkhand and Uttarakhand were newly created in 2000, so 1991 figures are blank in the original table for those states."
1991,West Bengal,ST,Total Population 1991,68077965.0,count,AR2004-05,34,"From Annexure-IV, Demographic Statistics: 2001 Census. States like Chhattisgarh, Jharkhand and Uttarakhand were newly created in 2000, so 1991 figures are blank in the original table for those states."
2001,West Bengal,ST,Total Population 2001,80176197.0,count,AR2004-05,34,"From Annexure-IV, Demographic Statistics: 2001 Census. States like Chhattisgarh, Jharkhand and Uttarakhand were newly created in 2000, so 1991 figures are blank in the original table for those states."
2001,West Bengal,ST,Decadal Growth Total Population (%),17.77,percent,AR2004-05,34,"From Annexure-IV, Demographic Statistics: 2001 Census. States like Chhattisgarh, Jharkhand and Uttarakhand were newly created in 2000, so 1991 figures are blank in the original table for those states."
1991,West Bengal,ST,ST Population 1991,3808760.0,count,AR2004-05,34,"From Annexure-IV, Demographic Statistics: 2001 Census. States like Chhattisgarh, Jharkhand and Uttarakhand were newly created in 2000, so 1991 figures are blank in the original table for those states."
2001,West Bengal,ST,ST Population 2001,4406794.0,count,AR2004-05,34,"From Annexure-IV, Demographic Statistics: 2001 Census. States like Chhattisgarh, Jharkhand and Uttarakhand were newly created in 2000, so 1991 figures are blank in the original table for those states."
2001,West Bengal,ST,Decadal Growth ST Population (%),15.7,percent,AR2004-05,34,"From Annexure-IV, Demographic Statistics: 2001 Census. States like Chhattisgarh, Jharkhand and Uttarakhand were newly created in 2000, so 1991 figures are blank in the original table for those states."
2001,West Bengal,ST,ST Population as % of State Population (2001),5.5,percent,AR2004-05,34,"From Annexure-IV, Demographic Statistics: 2001 Census. States like Chhattisgarh, Jharkhand and Uttarakhand were newly created in 2000, so 1991 figures are blank in the original table for those states."
2001,West Bengal,ST,State's Share of India's Total ST Population (%),5.23,percent,AR2004-05,34,"From Annexure-IV, Demographic Statistics: 2001 Census. States like Chhattisgarh, Jharkhand and Uttarakhand were newly created in 2000, so 1991 figures are blank in the original table for those states."
1991,Andaman and Nicobar Islands,ST,Total Population 1991,280661.0,count,AR2004-05,34,"From Annexure-IV, Demographic Statistics: 2001 Census. States like Chhattisgarh, Jharkhand and Uttarakhand were newly created in 2000, so 1991 figures are blank in the original table for those states."
2001,Andaman and Nicobar Islands,ST,Total Population 2001,356152.0,count,AR2004-05,34,"From Annexure-IV, Demographic Statistics: 2001 Census. States like Chhattisgarh, Jharkhand and Uttarakhand were newly created in 2000, so 1991 figures are blank in the original table for those states."
2001,Andaman and Nicobar Islands,ST,Decadal Growth Total Population (%),26.9,percent,AR2004-05,34,"From Annexure-IV, Demographic Statistics: 2001 Census. States like Chhattisgarh, Jharkhand and Uttarakhand were newly created in 2000, so 1991 figures are blank in the original table for those states."
1991,Andaman and Nicobar Islands,ST,ST Population 1991,26770.0,count,AR2004-05,34,"From Annexure-IV, Demographic Statistics: 2001 Census. States like Chhattisgarh, Jharkhand and Uttarakhand were newly created in 2000, so 1991 figures are blank in the original table for those states."
2001,Andaman and Nicobar Islands,ST,ST Population 2001,29469.0,count,AR2004-05,34,"From Annexure-IV, Demographic Statistics: 2001 Census. States like Chhattisgarh, Jharkhand and Uttarakhand were newly created in 2000, so 1991 figures are blank in the original table for those states."
2001,Andaman and Nicobar Islands,ST,Decadal Growth ST Population (%),10.08,percent,AR2004-05,34,"From Annexure-IV, Demographic Statistics: 2001 Census. States like Chhattisgarh, Jharkhand and Uttarakhand were newly created in 2000, so 1991 figures are blank in the original table for those states."
2001,Andaman and Nicobar Islands,ST,ST Population as % of State Population (2001),8.3,percent,AR2004-05,34,"From Annexure-IV, Demographic Statistics: 2001 Census. States like Chhattisgarh, Jharkhand and Uttarakhand were newly created in 2000, so 1991 figures are blank in the original table for those states."
2001,Andaman and Nicobar Islands,ST,State's Share of India's Total ST Population (%),0.03,percent,AR2004-05,34,"From Annexure-IV, Demographic Statistics: 2001 Census. States like Chhattisgarh, Jharkhand and Uttarakhand were newly created in 2000, so 1991 figures are blank in the original table for those states."
1991,Chandigarh,ST,Total Population 1991,642015.0,count,AR2004-05,34,"From Annexure-IV, Demographic Statistics: 2001 Census. States like Chhattisgarh, Jharkhand and Uttarakhand were newly created in 2000, so 1991 figures are blank in the original table for those states."
2001,Chandigarh,ST,Total Population 2001,900635.0,count,AR2004-05,34,"From Annexure-IV, Demographic Statistics: 2001 Census. States like Chhattisgarh, Jharkhand and Uttarakhand were newly created in 2000, so 1991 figures are blank in the original table for those states."
2001,Chandigarh,ST,Decadal Growth Total Population (%),40.28,percent,AR2004-05,34,"From Annexure-IV, Demographic Statistics: 2001 Census. States like Chhattisgarh, Jharkhand and Uttarakhand were newly created in 2000, so 1991 figures are blank in the original table for those states."
1991,Chandigarh,ST,ST Population 1991,0.0,count,AR2004-05,34,"From Annexure-IV, Demographic Statistics: 2001 Census. States like Chhattisgarh, Jharkhand and Uttarakhand were newly created in 2000, so 1991 figures are blank in the original table for those states."
1991,Dadra and Nagar Haveli,ST,Total Population 1991,138477.0,count,AR2004-05,34,"From Annexure-IV, Demographic Statistics: 2001 Census. States like Chhattisgarh, Jharkhand and Uttarakhand were newly created in 2000, so 1991 figures are blank in the original table for those states."
2001,Dadra and Nagar Haveli,ST,Total Population 2001,220490.0,count,AR2004-05,34,"From Annexure-IV, Demographic Statistics: 2001 Census. States like Chhattisgarh, Jharkhand and Uttarakhand were newly created in 2000, so 1991 figures are blank in the original table for those states."
2001,Dadra and Nagar Haveli,ST,Decadal Growth Total Population (%),59.22,percent,AR2004-05,34,"From Annexure-IV, Demographic Statistics: 2001 Census. States like Chhattisgarh, Jharkhand and Uttarakhand were newly created in 2000, so 1991 figures are blank in the original table for those states."
1991,Dadra and Nagar Haveli,ST,ST Population 1991,109380.0,count,AR2004-05,34,"From Annexure-IV, Demographic Statistics: 2001 Census. States like Chhattisgarh, Jharkhand and Uttarakhand were newly created in 2000, so 1991 figures are blank in the original table for those states."
2001,Dadra and Nagar Haveli,ST,ST Population 2001,137225.0,count,AR2004-05,34,"From Annexure-IV, Demographic Statistics: 2001 Census. States like Chhattisgarh, Jharkhand and Uttarakhand were newly created in 2000, so 1991 figures are blank in the original table for those states."
2001,Dadra and Nagar Haveli,ST,Decadal Growth ST Population (%),25.46,percent,AR2004-05,34,"From Annexure-IV, Demographic Statistics: 2001 Census. States like Chhattisgarh, Jharkhand and Uttarakhand were newly created in 2000, so 1991 figures are blank in the original table for those states."
2001,Dadra and Nagar Haveli,ST,ST Population as % of State Population (2001),62.2,percent,AR2004-05,34,"From Annexure-IV, Demographic Statistics: 2001 Census. States like Chhattisgarh, Jharkhand and Uttarakhand were newly created in 2000, so 1991 figures are blank in the original table for those states."
2001,Dadra and Nagar Haveli,ST,State's Share of India's Total ST Population (%),0.16,percent,AR2004-05,34,"From Annexure-IV, Demographic Statistics: 2001 Census. States like Chhattisgarh, Jharkhand and Uttarakhand were newly created in 2000, so 1991 figures are blank in the original table for those states."
1991,Daman & Diu,ST,Total Population 1991,101586.0,count,AR2004-05,34,"From Annexure-IV, Demographic Statistics: 2001 Census. States like Chhattisgarh, Jharkhand and Uttarakhand were newly created in 2000, so 1991 figures are blank in the original table for those states."
2001,Daman & Diu,ST,Total Population 2001,158204.0,count,AR2004-05,34,"From Annexure-IV, Demographic Statistics: 2001 Census. States like Chhattisgarh, Jharkhand and Uttarakhand were newly created in 2000, so 1991 figures are blank in the original table for those states."
2001,Daman & Diu,ST,Decadal Growth Total Population (%),55.73,percent,AR2004-05,34,"From Annexure-IV, Demographic Statistics: 2001 Census. States like Chhattisgarh, Jharkhand and Uttarakhand were newly created in 2000, so 1991 figures are blank in the original table for those states."
1991,Daman & Diu,ST,ST Population 1991,11724.0,count,AR2004-05,34,"From Annexure-IV, Demographic Statistics: 2001 Census. States like Chhattisgarh, Jharkhand and Uttarakhand were newly created in 2000, so 1991 figures are blank in the original table for those states."
2001,Daman & Diu,ST,ST Population 2001,13997.0,count,AR2004-05,34,"From Annexure-IV, Demographic Statistics: 2001 Census. States like Chhattisgarh, Jharkhand and Uttarakhand were newly created in 2000, so 1991 figures are blank in the original table for those states."
2001,Daman & Diu,ST,Decadal Growth ST Population (%),19.39,percent,AR2004-05,34,"From Annexure-IV, Demographic Statistics: 2001 Census. States like Chhattisgarh, Jharkhand and Uttarakhand were newly created in 2000, so 1991 figures are blank in the original table for those states."
2001,Daman & Diu,ST,ST Population as % of State Population (2001),8.8,percent,AR2004-05,34,"From Annexure-IV, Demographic Statistics: 2001 Census. States like Chhattisgarh, Jharkhand and Uttarakhand were newly created in 2000, so 1991 figures are blank in the original table for those states."
2001,Daman & Diu,ST,State's Share of India's Total ST Population (%),10.2,percent,AR2004-05,34,"From Annexure-IV, Demographic Statistics: 2001 Census. States like Chhattisgarh, Jharkhand and Uttarakhand were newly created in 2000, so 1991 figures are blank in the original table for those states."
1991,Delhi,ST,Total Population 1991,9420644.0,count,AR2004-05,34,"From Annexure-IV, Demographic Statistics: 2001 Census. States like Chhattisgarh, Jharkhand and Uttarakhand were newly created in 2000, so 1991 figures are blank in the original table for those states."
2001,Delhi,ST,Total Population 2001,13850507.0,count,AR2004-05,34,"From Annexure-IV, Demographic Statistics: 2001 Census. States like Chhattisgarh, Jharkhand and Uttarakhand were newly created in 2000, so 1991 figures are blank in the original table for those states."
2001,Delhi,ST,Decadal Growth Total Population (%),47.02,percent,AR2004-05,34,"From Annexure-IV, Demographic Statistics: 2001 Census. States like Chhattisgarh, Jharkhand and Uttarakhand were newly created in 2000, so 1991 figures are blank in the original table for those states."
1991,Delhi,ST,ST Population 1991,0.0,count,AR2004-05,34,"From Annexure-IV, Demographic Statistics: 2001 Census. States like Chhattisgarh, Jharkhand and Uttarakhand were newly created in 2000, so 1991 figures are blank in the original table for those states."
1991,Lakshadweep,ST,Total Population 1991,51707.0,count,AR2004-05,34,"From Annexure-IV, Demographic Statistics: 2001 Census. States like Chhattisgarh, Jharkhand and Uttarakhand were newly created in 2000, so 1991 figures are blank in the original table for those states."
2001,Lakshadweep,ST,Total Population 2001,60650.0,count,AR2004-05,34,"From Annexure-IV, Demographic Statistics: 2001 Census. States like Chhattisgarh, Jharkhand and Uttarakhand were newly created in 2000, so 1991 figures are blank in the original table for those states."
2001,Lakshadweep,ST,Decadal Growth Total Population (%),17.3,percent,AR2004-05,34,"From Annexure-IV, Demographic Statistics: 2001 Census. States like Chhattisgarh, Jharkhand and Uttarakhand were newly created in 2000, so 1991 figures are blank in the original table for those states."
1991,Lakshadweep,ST,ST Population 1991,48163.0,count,AR2004-05,34,"From Annexure-IV, Demographic Statistics: 2001 Census. States like Chhattisgarh, Jharkhand and Uttarakhand were newly created in 2000, so 1991 figures are blank in the original table for those states."
2001,Lakshadweep,ST,ST Population 2001,57321.0,count,AR2004-05,34,"From Annexure-IV, Demographic Statistics: 2001 Census. States like Chhattisgarh, Jharkhand and Uttarakhand were newly created in 2000, so 1991 figures are blank in the original table for those states."
2001,Lakshadweep,ST,Decadal Growth ST Population (%),19.01,percent,AR2004-05,34,"From Annexure-IV, Demographic Statistics: 2001 Census. States like Chhattisgarh, Jharkhand and Uttarakhand were newly created in 2000, so 1991 figures are blank in the original table for those states."
2001,Lakshadweep,ST,ST Population as % of State Population (2001),94.5,percent,AR2004-05,34,"From Annexure-IV, Demographic Statistics: 2001 Census. States like Chhattisgarh, Jharkhand and Uttarakhand were newly created in 2000, so 1991 figures are blank in the original table for those states."
2001,Lakshadweep,ST,State's Share of India's Total ST Population (%),0.07,percent,AR2004-05,34,"From Annexure-IV, Demographic Statistics: 2001 Census. States like Chhattisgarh, Jharkhand and Uttarakhand were newly created in 2000, so 1991 figures are blank in the original table for those states."
1991,Puducherry,ST,Total Population 1991,807785.0,count,AR2004-05,34,"From Annexure-IV, Demographic Statistics: 2001 Census. States like Chhattisgarh, Jharkhand and Uttarakhand were newly created in 2000, so 1991 figures are blank in the original table for those states."
2001,Puducherry,ST,Total Population 2001,974345.0,count,AR2004-05,34,"From Annexure-IV, Demographic Statistics: 2001 Census. States like Chhattisgarh, Jharkhand and Uttarakhand were newly created in 2000, so 1991 figures are blank in the original table for those states."
2001,Puducherry,ST,Decadal Growth Total Population (%),20.62,percent,AR2004-05,34,"From Annexure-IV, Demographic Statistics: 2001 Census. States like Chhattisgarh, Jharkhand and Uttarakhand were newly created in 2000, so 1991 figures are blank in the original table for those states."
1991,Puducherry,ST,ST Population 1991,0.0,count,AR2004-05,34,"From Annexure-IV, Demographic Statistics: 2001 Census. States like Chhattisgarh, Jharkhand and Uttarakhand were newly created in 2000, so 1991 figures are blank in the original table for those states."
1991,Jammu and Kashmir,ST,Total Population 1991,10143700.0,count,AR2004-05,34,"From Annexure-IV, Demographic Statistics: 2001 Census. States like Chhattisgarh, Jharkhand and Uttarakhand were newly created in 2000, so 1991 figures are blank in the original table for those states."
2001,Jammu and Kashmir,ST,Total Population 2001,1105979.0,count,AR2004-05,34,"From Annexure-IV, Demographic Statistics: 2001 Census. States like Chhattisgarh, Jharkhand and Uttarakhand were newly created in 2000, so 1991 figures are blank in the original table for those states."
2011,Andhra Pradesh,ST,Total Population 2011,49386799.0,count,AREnglish2122,174,"From Annexure-4B, Census 2011 (Office of the Registrar General, India). NST = No notified Scheduled Tribes in that state/UT as of 2011."
2011,Andhra Pradesh,ST,ST Population 2011,2631145.0,count,AREnglish2122,174,"From Annexure-4B, Census 2011 (Office of the Registrar General, India). NST = No notified Scheduled Tribes in that state/UT as of 2011."
2011,Andhra Pradesh,ST,ST Population as % of State Population (2011),5.3,percent,AREnglish2122,174,"From Annexure-4B, Census 2011 (Office of the Registrar General, India). NST = No notified Scheduled Tribes in that state/UT as of 2011."
2011,Andhra Pradesh,ST,State's Share of India's Total ST Population (%) (2011),2.5,percent,AREnglish2122,174,"From Annexure-4B, Census 2011 (Office of the Registrar General, India). NST = No notified Scheduled Tribes in that state/UT as of 2011."
2011,Arunachal Pradesh,ST,Total Population 2011,1383727.0,count,AREnglish2122,174,"From Annexure-4B, Census 2011 (Office of the Registrar General, India). NST = No notified Scheduled Tribes in that state/UT as of 2011."
2011,Arunachal Pradesh,ST,ST Population 2011,951821.0,count,AREnglish2122,174,"From Annexure-4B, Census 2011 (Office of the Registrar General, India). NST = No notified Scheduled Tribes in that state/UT as of 2011."
2011,Arunachal Pradesh,ST,ST Population as % of State Population (2011),68.8,percent,AREnglish2122,174,"From Annexure-4B, Census 2011 (Office of the Registrar General, India). NST = No notified Scheduled Tribes in that state/UT as of 2011."
2011,Arunachal Pradesh,ST,State's Share of India's Total ST Population (%) (2011),0.9,percent,AREnglish2122,174,"From Annexure-4B, Census 2011 (Office of the Registrar General, India). NST = No notified Scheduled Tribes in that state/UT as of 2011."
2011,Assam,ST,Total Population 2011,31205576.0,count,AREnglish2122,174,"From Annexure-4B, Census 2011 (Office of the Registrar General, India). NST = No notified Scheduled Tribes in that state/UT as of 2011."
2011,Assam,ST,ST Population 2011,3884371.0,count,AREnglish2122,174,"From Annexure-4B, Census 2011 (Office of the Registrar General, India). NST = No notified Scheduled Tribes in that state/UT as of 2011."
2011,Assam,ST,ST Population as % of State Population (2011),12.4,percent,AREnglish2122,174,"From Annexure-4B, Census 2011 (Office of the Registrar General, India). NST = No notified Scheduled Tribes in that state/UT as of 2011."
2011,Assam,ST,State's Share of India's Total ST Population (%) (2011),3.7,percent,AREnglish2122,174,"From Annexure-4B, Census 2011 (Office of the Registrar General, India). NST = No notified Scheduled Tribes in that state/UT as of 2011."
2011,Bihar,ST,Total Population 2011,104099452.0,count,AREnglish2122,174,"From Annexure-4B, Census 2011 (Office of the Registrar General, India). NST = No notified Scheduled Tribes in that state/UT as of 2011."
2011,Bihar,ST,ST Population 2011,1336573.0,count,AREnglish2122,174,"From Annexure-4B, Census 2011 (Office of the Registrar General, India). NST = No notified Scheduled Tribes in that state/UT as of 2011."
2011,Bihar,ST,ST Population as % of State Population (2011),1.3,percent,AREnglish2122,174,"From Annexure-4B, Census 2011 (Office of the Registrar General, India). NST = No notified Scheduled Tribes in that state/UT as of 2011."
2011,Bihar,ST,State's Share of India's Total ST Population (%) (2011),1.3,percent,AREnglish2122,174,"From Annexure-4B, Census 2011 (Office of the Registrar General, India). NST = No notified Scheduled Tribes in that state/UT as of 2011."
2011,Chhattisgarh,ST,Total Population 2011,25545198.0,count,AREnglish2122,174,"From Annexure-4B, Census 2011 (Office of the Registrar General, India). NST = No notified Scheduled Tribes in that state/UT as of 2011."
2011,Chhattisgarh,ST,ST Population 2011,7822902.0,count,AREnglish2122,174,"From Annexure-4B, Census 2011 (Office of the Registrar General, India). NST = No notified Scheduled Tribes in that state/UT as of 2011."
2011,Chhattisgarh,ST,ST Population as % of State Population (2011),30.6,percent,AREnglish2122,174,"From Annexure-4B, Census 2011 (Office of the Registrar General, India). NST = No notified Scheduled Tribes in that state/UT as of 2011."
2011,Chhattisgarh,ST,State's Share of India's Total ST Population (%) (2011),7.5,percent,AREnglish2122,174,"From Annexure-4B, Census 2011 (Office of the Registrar General, India). NST = No notified Scheduled Tribes in that state/UT as of 2011."
2011,Goa,ST,Total Population 2011,1458545.0,count,AREnglish2122,174,"From Annexure-4B, Census 2011 (Office of the Registrar General, India). NST = No notified Scheduled Tribes in that state/UT as of 2011."
2011,Goa,ST,ST Population 2011,149275.0,count,AREnglish2122,174,"From Annexure-4B, Census 2011 (Office of the Registrar General, India). NST = No notified Scheduled Tribes in that state/UT as of 2011."
2011,Goa,ST,ST Population as % of State Population (2011),10.2,percent,AREnglish2122,174,"From Annexure-4B, Census 2011 (Office of the Registrar General, India). NST = No notified Scheduled Tribes in that state/UT as of 2011."
2011,Goa,ST,State's Share of India's Total ST Population (%) (2011),0.1,percent,AREnglish2122,174,"From Annexure-4B, Census 2011 (Office of the Registrar General, India). NST = No notified Scheduled Tribes in that state/UT as of 2011."
2011,Gujarat,ST,Total Population 2011,60439692.0,count,AREnglish2122,174,"From Annexure-4B, Census 2011 (Office of the Registrar General, India). NST = No notified Scheduled Tribes in that state/UT as of 2011."
2011,Gujarat,ST,ST Population 2011,8917174.0,count,AREnglish2122,174,"From Annexure-4B, Census 2011 (Office of the Registrar General, India). NST = No notified Scheduled Tribes in that state/UT as of 2011."
2011,Gujarat,ST,ST Population as % of State Population (2011),14.8,percent,AREnglish2122,174,"From Annexure-4B, Census 2011 (Office of the Registrar General, India). NST = No notified Scheduled Tribes in that state/UT as of 2011."
2011,Gujarat,ST,State's Share of India's Total ST Population (%) (2011),8.5,percent,AREnglish2122,174,"From Annexure-4B, Census 2011 (Office of the Registrar General, India). NST = No notified Scheduled Tribes in that state/UT as of 2011."
2011,Haryana,ST,Total Population 2011,25351462.0,count,AREnglish2122,174,"From Annexure-4B, Census 2011 (Office of the Registrar General, India). NST = No notified Scheduled Tribes in that state/UT as of 2011."
2011,Himachal Pradesh,ST,Total Population 2011,6864602.0,count,AREnglish2122,174,"From Annexure-4B, Census 2011 (Office of the Registrar General, India). NST = No notified Scheduled Tribes in that state/UT as of 2011."
2011,Himachal Pradesh,ST,ST Population 2011,392126.0,count,AREnglish2122,174,"From Annexure-4B, Census 2011 (Office of the Registrar General, India). NST = No notified Scheduled Tribes in that state/UT as of 2011."
2011,Himachal Pradesh,ST,ST Population as % of State Population (2011),5.7,percent,AREnglish2122,174,"From Annexure-4B, Census 2011 (Office of the Registrar General, India). NST = No notified Scheduled Tribes in that state/UT as of 2011."
2011,Himachal Pradesh,ST,State's Share of India's Total ST Population (%) (2011),0.4,percent,AREnglish2122,174,"From Annexure-4B, Census 2011 (Office of the Registrar General, India). NST = No notified Scheduled Tribes in that state/UT as of 2011."
2011,Jammu and Kashmir,ST,Total Population 2011,12267013.0,count,AREnglish2122,174,"From Annexure-4B, Census 2011 (Office of the Registrar General, India). NST = No notified Scheduled Tribes in that state/UT as of 2011."
2011,Jammu and Kashmir,ST,ST Population 2011,1275106.0,count,AREnglish2122,174,"From Annexure-4B, Census 2011 (Office of the Registrar General, India). NST = No notified Scheduled Tribes in that state/UT as of 2011."
2011,Jammu and Kashmir,ST,ST Population as % of State Population (2011),10.4,percent,AREnglish2122,174,"From Annexure-4B, Census 2011 (Office of the Registrar General, India). NST = No notified Scheduled Tribes in that state/UT as of 2011."
2011,Jammu and Kashmir,ST,State's Share of India's Total ST Population (%) (2011),1.2,percent,AREnglish2122,174,"From Annexure-4B, Census 2011 (Office of the Registrar General, India). NST = No notified Scheduled Tribes in that state/UT as of 2011."
2011,Jharkhand,ST,Total Population 2011,32988134.0,count,AREnglish2122,174,"From Annexure-4B, Census 2011 (Office of the Registrar General, India). NST = No notified Scheduled Tribes in that state/UT as of 2011."
2011,Jharkhand,ST,ST Population 2011,8645042.0,count,AREnglish2122,174,"From Annexure-4B, Census 2011 (Office of the Registrar General, India). NST = No notified Scheduled Tribes in that state/UT as of 2011."
2011,Jharkhand,ST,ST Population as % of State Population (2011),26.2,percent,AREnglish2122,174,"From Annexure-4B, Census 2011 (Office of the Registrar General, India). NST = No notified Scheduled Tribes in that state/UT as of 2011."
2011,Jharkhand,ST,State's Share of India's Total ST Population (%) (2011),8.3,percent,AREnglish2122,174,"From Annexure-4B, Census 2011 (Office of the Registrar General, India). NST = No notified Scheduled Tribes in that state/UT as of 2011."
2011,Karnataka,ST,Total Population 2011,61095297.0,count,AREnglish2122,174,"From Annexure-4B, Census 2011 (Office of the Registrar General, India). NST = No notified Scheduled Tribes in that state/UT as of 2011."
2011,Karnataka,ST,ST Population 2011,4248987.0,count,AREnglish2122,174,"From Annexure-4B, Census 2011 (Office of the Registrar General, India). NST = No notified Scheduled Tribes in that state/UT as of 2011."
2011,Karnataka,ST,ST Population as % of State Population (2011),7.0,percent,AREnglish2122,174,"From Annexure-4B, Census 2011 (Office of the Registrar General, India). NST = No notified Scheduled Tribes in that state/UT as of 2011."
2011,Karnataka,ST,State's Share of India's Total ST Population (%) (2011),4.1,percent,AREnglish2122,174,"From Annexure-4B, Census 2011 (Office of the Registrar General, India). NST = No notified Scheduled Tribes in that state/UT as of 2011."
2011,Kerala,ST,Total Population 2011,33406061.0,count,AREnglish2122,174,"From Annexure-4B, Census 2011 (Office of the Registrar General, India). NST = No notified Scheduled Tribes in that state/UT as of 2011."
2011,Kerala,ST,ST Population 2011,484839.0,count,AREnglish2122,174,"From Annexure-4B, Census 2011 (Office of the Registrar General, India). NST = No notified Scheduled Tribes in that state/UT as of 2011."
2011,Kerala,ST,ST Population as % of State Population (2011),1.5,percent,AREnglish2122,174,"From Annexure-4B, Census 2011 (Office of the Registrar General, India). NST = No notified Scheduled Tribes in that state/UT as of 2011."
2011,Kerala,ST,State's Share of India's Total ST Population (%) (2011),0.5,percent,AREnglish2122,174,"From Annexure-4B, Census 2011 (Office of the Registrar General, India). NST = No notified Scheduled Tribes in that state/UT as of 2011."
2011,Ladakh,ST,Total Population 2011,274289.0,count,AREnglish2122,174,"From Annexure-4B, Census 2011 (Office of the Registrar General, India). NST = No notified Scheduled Tribes in that state/UT as of 2011."
2011,Ladakh,ST,ST Population 2011,218193.0,count,AREnglish2122,174,"From Annexure-4B, Census 2011 (Office of the Registrar General, India). NST = No notified Scheduled Tribes in that state/UT as of 2011."
2011,Ladakh,ST,ST Population as % of State Population (2011),79.5,percent,AREnglish2122,174,"From Annexure-4B, Census 2011 (Office of the Registrar General, India). NST = No notified Scheduled Tribes in that state/UT as of 2011."
2011,Ladakh,ST,State's Share of India's Total ST Population (%) (2011),0.2,percent,AREnglish2122,174,"From Annexure-4B, Census 2011 (Office of the Registrar General, India). NST = No notified Scheduled Tribes in that state/UT as of 2011."
2011,Madhya Pradesh,ST,Total Population 2011,72626809.0,count,AREnglish2122,174,"From Annexure-4B, Census 2011 (Office of the Registrar General, India). NST = No notified Scheduled Tribes in that state/UT as of 2011."
2011,Madhya Pradesh,ST,ST Population 2011,15316784.0,count,AREnglish2122,174,"From Annexure-4B, Census 2011 (Office of the Registrar General, India). NST = No notified Scheduled Tribes in that state/UT as of 2011."
2011,Madhya Pradesh,ST,ST Population as % of State Population (2011),21.1,percent,AREnglish2122,174,"From Annexure-4B, Census 2011 (Office of the Registrar General, India). NST = No notified Scheduled Tribes in that state/UT as of 2011."
2011,Madhya Pradesh,ST,State's Share of India's Total ST Population (%) (2011),14.7,percent,AREnglish2122,174,"From Annexure-4B, Census 2011 (Office of the Registrar General, India). NST = No notified Scheduled Tribes in that state/UT as of 2011."
2011,Maharashtra,ST,Total Population 2011,112374333.0,count,AREnglish2122,174,"From Annexure-4B, Census 2011 (Office of the Registrar General, India). NST = No notified Scheduled Tribes in that state/UT as of 2011."
2011,Maharashtra,ST,ST Population 2011,10510213.0,count,AREnglish2122,174,"From Annexure-4B, Census 2011 (Office of the Registrar General, India). NST = No notified Scheduled Tribes in that state/UT as of 2011."
2011,Maharashtra,ST,ST Population as % of State Population (2011),9.4,percent,AREnglish2122,174,"From Annexure-4B, Census 2011 (Office of the Registrar General, India). NST = No notified Scheduled Tribes in that state/UT as of 2011."
2011,Maharashtra,ST,State's Share of India's Total ST Population (%) (2011),10.1,percent,AREnglish2122,174,"From Annexure-4B, Census 2011 (Office of the Registrar General, India). NST = No notified Scheduled Tribes in that state/UT as of 2011."
2011,Manipur,ST,Total Population 2011,2855794.0,count,AREnglish2122,174,"From Annexure-4B, Census 2011 (Office of the Registrar General, India). NST = No notified Scheduled Tribes in that state/UT as of 2011."
2011,Manipur,ST,ST Population 2011,1167422.0,count,AREnglish2122,174,"From Annexure-4B, Census 2011 (Office of the Registrar General, India). NST = No notified Scheduled Tribes in that state/UT as of 2011."
2011,Manipur,ST,ST Population as % of State Population (2011),40.9,percent,AREnglish2122,174,"From Annexure-4B, Census 2011 (Office of the Registrar General, India). NST = No notified Scheduled Tribes in that state/UT as of 2011."
2011,Manipur,ST,State's Share of India's Total ST Population (%) (2011),1.1,percent,AREnglish2122,174,"From Annexure-4B, Census 2011 (Office of the Registrar General, India). NST = No notified Scheduled Tribes in that state/UT as of 2011."
2011,Meghalaya,ST,Total Population 2011,2966889.0,count,AREnglish2122,174,"From Annexure-4B, Census 2011 (Office of the Registrar General, India). NST = No notified Scheduled Tribes in that state/UT as of 2011."
2011,Meghalaya,ST,ST Population 2011,2555861.0,count,AREnglish2122,174,"From Annexure-4B, Census 2011 (Office of the Registrar General, India). NST = No notified Scheduled Tribes in that state/UT as of 2011."
2011,Meghalaya,ST,ST Population as % of State Population (2011),86.1,percent,AREnglish2122,174,"From Annexure-4B, Census 2011 (Office of the Registrar General, India). NST = No notified Scheduled Tribes in that state/UT as of 2011."
2011,Meghalaya,ST,State's Share of India's Total ST Population (%) (2011),2.4,percent,AREnglish2122,174,"From Annexure-4B, Census 2011 (Office of the Registrar General, India). NST = No notified Scheduled Tribes in that state/UT as of 2011."
2011,Mizoram,ST,Total Population 2011,1097206.0,count,AREnglish2122,174,"From Annexure-4B, Census 2011 (Office of the Registrar General, India). NST = No notified Scheduled Tribes in that state/UT as of 2011."
2011,Mizoram,ST,ST Population 2011,1036115.0,count,AREnglish2122,174,"From Annexure-4B, Census 2011 (Office of the Registrar General, India). NST = No notified Scheduled Tribes in that state/UT as of 2011."
2011,Mizoram,ST,ST Population as % of State Population (2011),94.4,percent,AREnglish2122,174,"From Annexure-4B, Census 2011 (Office of the Registrar General, India). NST = No notified Scheduled Tribes in that state/UT as of 2011."
2011,Mizoram,ST,State's Share of India's Total ST Population (%) (2011),1.0,percent,AREnglish2122,174,"From Annexure-4B, Census 2011 (Office of the Registrar General, India). NST = No notified Scheduled Tribes in that state/UT as of 2011."
2011,Nagaland,ST,Total Population 2011,1978502.0,count,AREnglish2122,174,"From Annexure-4B, Census 2011 (Office of the Registrar General, India). NST = No notified Scheduled Tribes in that state/UT as of 2011."
2011,Nagaland,ST,ST Population 2011,1710973.0,count,AREnglish2122,174,"From Annexure-4B, Census 2011 (Office of the Registrar General, India). NST = No notified Scheduled Tribes in that state/UT as of 2011."
2011,Nagaland,ST,ST Population as % of State Population (2011),86.5,percent,AREnglish2122,174,"From Annexure-4B, Census 2011 (Office of the Registrar General, India). NST = No notified Scheduled Tribes in that state/UT as of 2011."
2011,Nagaland,ST,State's Share of India's Total ST Population (%) (2011),1.6,percent,AREnglish2122,174,"From Annexure-4B, Census 2011 (Office of the Registrar General, India). NST = No notified Scheduled Tribes in that state/UT as of 2011."
2011,Odisha,ST,Total Population 2011,41974218.0,count,AREnglish2122,174,"From Annexure-4B, Census 2011 (Office of the Registrar General, India). NST = No notified Scheduled Tribes in that state/UT as of 2011."
2011,Odisha,ST,ST Population 2011,9590756.0,count,AREnglish2122,174,"From Annexure-4B, Census 2011 (Office of the Registrar General, India). NST = No notified Scheduled Tribes in that state/UT as of 2011."
2011,Odisha,ST,ST Population as % of State Population (2011),22.8,percent,AREnglish2122,174,"From Annexure-4B, Census 2011 (Office of the Registrar General, India). NST = No notified Scheduled Tribes in that state/UT as of 2011."
2011,Odisha,ST,State's Share of India's Total ST Population (%) (2011),9.2,percent,AREnglish2122,174,"From Annexure-4B, Census 2011 (Office of the Registrar General, India). NST = No notified Scheduled Tribes in that state/UT as of 2011."
2011,Punjab,ST,Total Population 2011,27743338.0,count,AREnglish2122,174,"From Annexure-4B, Census 2011 (Office of the Registrar General, India). NST = No notified Scheduled Tribes in that state/UT as of 2011."
2011,Rajasthan,ST,Total Population 2011,68548437.0,count,AREnglish2122,174,"From Annexure-4B, Census 2011 (Office of the Registrar General, India). NST = No notified Scheduled Tribes in that state/UT as of 2011."
2011,Rajasthan,ST,ST Population 2011,9238534.0,count,AREnglish2122,174,"From Annexure-4B, Census 2011 (Office of the Registrar General, India). NST = No notified Scheduled Tribes in that state/UT as of 2011."
2011,Rajasthan,ST,ST Population as % of State Population (2011),13.5,percent,AREnglish2122,174,"From Annexure-4B, Census 2011 (Office of the Registrar General, India). NST = No notified Scheduled Tribes in that state/UT as of 2011."
2011,Rajasthan,ST,State's Share of India's Total ST Population (%) (2011),8.8,percent,AREnglish2122,174,"From Annexure-4B, Census 2011 (Office of the Registrar General, India). NST = No notified Scheduled Tribes in that state/UT as of 2011."
2011,Sikkim,ST,Total Population 2011,610577.0,count,AREnglish2122,174,"From Annexure-4B, Census 2011 (Office of the Registrar General, India). NST = No notified Scheduled Tribes in that state/UT as of 2011."
2011,Sikkim,ST,ST Population 2011,206360.0,count,AREnglish2122,174,"From Annexure-4B, Census 2011 (Office of the Registrar General, India). NST = No notified Scheduled Tribes in that state/UT as of 2011."
2011,Sikkim,ST,ST Population as % of State Population (2011),33.8,percent,AREnglish2122,174,"From Annexure-4B, Census 2011 (Office of the Registrar General, India). NST = No notified Scheduled Tribes in that state/UT as of 2011."
2011,Sikkim,ST,State's Share of India's Total ST Population (%) (2011),0.2,percent,AREnglish2122,174,"From Annexure-4B, Census 2011 (Office of the Registrar General, India). NST = No notified Scheduled Tribes in that state/UT as of 2011."
2011,Tamil Nadu,ST,Total Population 2011,72147030.0,count,AREnglish2122,174,"From Annexure-4B, Census 2011 (Office of the Registrar General, India). NST = No notified Scheduled Tribes in that state/UT as of 2011."
2011,Tamil Nadu,ST,ST Population 2011,794697.0,count,AREnglish2122,174,"From Annexure-4B, Census 2011 (Office of the Registrar General, India). NST = No notified Scheduled Tribes in that state/UT as of 2011."
2011,Tamil Nadu,ST,ST Population as % of State Population (2011),1.1,percent,AREnglish2122,174,"From Annexure-4B, Census 2011 (Office of the Registrar General, India). NST = No notified Scheduled Tribes in that state/UT as of 2011."
2011,Tamil Nadu,ST,State's Share of India's Total ST Population (%) (2011),0.8,percent,AREnglish2122,174,"From Annexure-4B, Census 2011 (Office of the Registrar General, India). NST = No notified Scheduled Tribes in that state/UT as of 2011."
2011,Telangana,ST,Total Population 2011,35193978.0,count,AREnglish2122,174,"From Annexure-4B, Census 2011 (Office of the Registrar General, India). NST = No notified Scheduled Tribes in that state/UT as of 2011."
2011,Telangana,ST,ST Population 2011,3286928.0,count,AREnglish2122,174,"From Annexure-4B, Census 2011 (Office of the Registrar General, India). NST = No notified Scheduled Tribes in that state/UT as of 2011."
2011,Telangana,ST,ST Population as % of State Population (2011),9.3,percent,AREnglish2122,174,"From Annexure-4B, Census 2011 (Office of the Registrar General, India). NST = No notified Scheduled Tribes in that state/UT as of 2011."
2011,Telangana,ST,State's Share of India's Total ST Population (%) (2011),3.1,percent,AREnglish2122,174,"From Annexure-4B, Census 2011 (Office of the Registrar General, India). NST = No notified Scheduled Tribes in that state/UT as of 2011."
2011,Tripura,ST,Total Population 2011,3673917.0,count,AREnglish2122,174,"From Annexure-4B, Census 2011 (Office of the Registrar General, India). NST = No notified Scheduled Tribes in that state/UT as of 2011."
2011,Tripura,ST,ST Population 2011,1166813.0,count,AREnglish2122,174,"From Annexure-4B, Census 2011 (Office of the Registrar General, India). NST = No notified Scheduled Tribes in that state/UT as of 2011."
2011,Tripura,ST,ST Population as % of State Population (2011),31.8,percent,AREnglish2122,174,"From Annexure-4B, Census 2011 (Office of the Registrar General, India). NST = No notified Scheduled Tribes in that state/UT as of 2011."
2011,Tripura,ST,State's Share of India's Total ST Population (%) (2011),1.1,percent,AREnglish2122,174,"From Annexure-4B, Census 2011 (Office of the Registrar General, India). NST = No notified Scheduled Tribes in that state/UT as of 2011."
2011,Uttarakhand,ST,Total Population 2011,10086292.0,count,AREnglish2122,174,"From Annexure-4B, Census 2011 (Office of the Registrar General, India). NST = No notified Scheduled Tribes in that state/UT as of 2011."
2011,Uttarakhand,ST,ST Population 2011,291903.0,count,AREnglish2122,174,"From Annexure-4B, Census 2011 (Office of the Registrar General, India). NST = No notified Scheduled Tribes in that state/UT as of 2011."
2011,Uttarakhand,ST,ST Population as % of State Population (2011),2.9,percent,AREnglish2122,174,"From Annexure-4B, Census 2011 (Office of the Registrar General, India). NST = No notified Scheduled Tribes in that state/UT as of 2011."
2011,Uttarakhand,ST,State's Share of India's Total ST Population (%) (2011),0.3,percent,AREnglish2122,174,"From Annexure-4B, Census 2011 (Office of the Registrar General, India). NST = No notified Scheduled Tribes in that state/UT as of 2011."
2011,Uttar Pradesh,ST,Total Population 2011,199812341.0,count,AREnglish2122,174,"From Annexure-4B, Census 2011 (Office of the Registrar General, India). NST = No notified Scheduled Tribes in that state/UT as of 2011."
2011,Uttar Pradesh,ST,ST Population 2011,1134273.0,count,AREnglish2122,174,"From Annexure-4B, Census 2011 (Office of the Registrar General, India). NST = No notified Scheduled Tribes in that state/UT as of 2011."
2011,Uttar Pradesh,ST,ST Population as % of State Population (2011),0.6,percent,AREnglish2122,174,"From Annexure-4B, Census 2011 (Office of the Registrar General, India). NST = No notified Scheduled Tribes in that state/UT as of 2011."
2011,Uttar Pradesh,ST,State's Share of India's Total ST Population (%) (2011),1.1,percent,AREnglish2122,174,"From Annexure-4B, Census 2011 (Office of the Registrar General, India). NST = No notified Scheduled Tribes in that state/UT as of 2011."
2011,West Bengal,ST,Total Population 2011,91276115.0,count,AREnglish2122,174,"From Annexure-4B, Census 2011 (Office of the Registrar General, India). NST = No notified Scheduled Tribes in that state/UT as of 2011."
2011,West Bengal,ST,ST Population 2011,5296953.0,count,AREnglish2122,174,"From Annexure-4B, Census 2011 (Office of the Registrar General, India). NST = No notified Scheduled Tribes in that state/UT as of 2011."
2011,West Bengal,ST,ST Population as % of State Population (2011),5.8,percent,AREnglish2122,174,"From Annexure-4B, Census 2011 (Office of the Registrar General, India). NST = No notified Scheduled Tribes in that state/UT as of 2011."
2011,West Bengal,ST,State's Share of India's Total ST Population (%) (2011),5.1,percent,AREnglish2122,174,"From Annexure-4B, Census 2011 (Office of the Registrar General, India). NST = No notified Scheduled Tribes in that state/UT as of 2011."
2011,Andaman and Nicobar Islands,ST,Total Population 2011,380581.0,count,AREnglish2122,174,"From Annexure-4B, Census 2011 (Office of the Registrar General, India). NST = No notified Scheduled Tribes in that state/UT as of 2011."
2011,Andaman and Nicobar Islands,ST,ST Population 2011,28530.0,count,AREnglish2122,174,"From Annexure-4B, Census 2011 (Office of the Registrar General, India). NST = No notified Scheduled Tribes in that state/UT as of 2011."
2011,Andaman and Nicobar Islands,ST,ST Population as % of State Population (2011),7.5,percent,AREnglish2122,174,"From Annexure-4B, Census 2011 (Office of the Registrar General, India). NST = No notified Scheduled Tribes in that state/UT as of 2011."
2011,Andaman and Nicobar Islands,ST,State's Share of India's Total ST Population (%) (2011),0.0,percent,AREnglish2122,174,"From Annexure-4B, Census 2011 (Office of the Registrar General, India). NST = No notified Scheduled Tribes in that state/UT as of 2011."
2011,Chandigarh,ST,Total Population 2011,1055450.0,count,AREnglish2122,174,"From Annexure-4B, Census 2011 (Office of the Registrar General, India). NST = No notified Scheduled Tribes in that state/UT as of 2011."
2011,Dadra and Nagar Haveli and Daman and Diu,ST,Total Population 2011,586956.0,count,AREnglish2122,174,"From Annexure-4B, Census 2011 (Office of the Registrar General, India). NST = No notified Scheduled Tribes in that state/UT as of 2011."
2011,Dadra and Nagar Haveli and Daman and Diu,ST,ST Population 2011,193927.0,count,AREnglish2122,174,"From Annexure-4B, Census 2011 (Office of the Registrar General, India). NST = No notified Scheduled Tribes in that state/UT as of 2011."
2011,Dadra and Nagar Haveli and Daman and Diu,ST,ST Population as % of State Population (2011),33.0,percent,AREnglish2122,174,"From Annexure-4B, Census 2011 (Office of the Registrar General, India). NST = No notified Scheduled Tribes in that state/UT as of 2011."
2011,Dadra and Nagar Haveli and Daman and Diu,ST,State's Share of India's Total ST Population (%) (2011),0.2,percent,AREnglish2122,174,"From Annexure-4B, Census 2011 (Office of the Registrar General, India). NST = No notified Scheduled Tribes in that state/UT as of 2011."
2011,Delhi,ST,Total Population 2011,16787941.0,count,AREnglish2122,174,"From Annexure-4B, Census 2011 (Office of the Registrar General, India). NST = No notified Scheduled Tribes in that state/UT as of 2011."
2011,Lakshadweep,ST,Total Population 2011,64473.0,count,AREnglish2122,174,"From Annexure-4B, Census 2011 (Office of the Registrar General, India). NST = No notified Scheduled Tribes in that state/UT as of 2011."
2011,Lakshadweep,ST,ST Population 2011,61120.0,count,AREnglish2122,174,"From Annexure-4B, Census 2011 (Office of the Registrar General, India). NST = No notified Scheduled Tribes in that state/UT as of 2011."
2011,Lakshadweep,ST,ST Population as % of State Population (2011),94.8,percent,AREnglish2122,174,"From Annexure-4B, Census 2011 (Office of the Registrar General, India). NST = No notified Scheduled Tribes in that state/UT as of 2011."
2011,Lakshadweep,ST,State's Share of India's Total ST Population (%) (2011),0.1,percent,AREnglish2122,174,"From Annexure-4B, Census 2011 (Office of the Registrar General, India). NST = No notified Scheduled Tribes in that state/UT as of 2011."
2011,Puducherry,ST,Total Population 2011,1247953.0,count,AREnglish2122,174,"From Annexure-4B, Census 2011 (Office of the Registrar General, India). NST = No notified Scheduled Tribes in that state/UT as of 2011."
